trade_date,parsed_time,account,coin,closed_pnl,notional,classification,fg_index
2024-10-27,2024-10-27 03:33:20,0xae5eacaf9c6b9111fd53034a602c192a04e082ed,@107,0.0,7872.16,Greed,74.0
2024-10-27,2024-10-27 03:33:20,0xae5eacaf9c6b9111fd53034a602c192a04e082ed,@107,0.0,127.68,Greed,74.0
2024-10-27,2024-10-27 03:33:20,0xae5eacaf9c6b9111fd53034a602c192a04e082ed,@107,0.0,1150.63,Greed,74.0
2024-10-27,2024-10-27 03:33:20,0xae5eacaf9c6b9111fd53034a602c192a04e082ed,@107,0.0,1142.04,Greed,74.0
2024-10-27,2024-10-27 03:33:20,0xae5eacaf9c6b9111fd53034a602c192a04e082ed,@107,0.0,69.75,Greed,74.0
2024-10-27,2024-10-27 03:33:20,0xae5eacaf9c6b9111fd53034a602c192a04e082ed,@107,0.0,11.27,Greed,74.0
2024-10-27,2024-10-27 03:33:20,0xae5eacaf9c6b9111fd53034a602c192a04e082ed,@107,0.0,1151.77,Greed,74.0
2024-10-27,2024-10-27 03:33:20,0xae5eacaf9c6b9111fd53034a602c192a04e082ed,@107,0.0,272.0,Greed,74.0
2024-10-27,2024-10-27 03:33:20,0xae5eacaf9c6b9111fd53034a602c192a04e082ed,@107,0.0,368.0,Greed,74.0
2024-10-27,2024-10-27 03:33:20,0xae5eacaf9c6b9111fd53034a602c192a04e082ed,@107,0.0,100.0,Greed,74.0
2024-10-27,2024-10-27 03:33:20,0xae5eacaf9c6b9111fd53034a602c192a04e082ed,@107,0.0,11706.64,Greed,74.0
2024-10-27,2024-10-27 03:33:20,0xae5eacaf9c6b9111fd53034a602c192a04e082ed,@107,0.0,57.77,Greed,74.0
2024-10-27,2024-10-27 03:33:20,0xae5eacaf9c6b9111fd53034a602c192a04e082ed,@107,0.0,794.87,Greed,74.0
2024-10-27,2024-10-27 03:33:20,0xae5eacaf9c6b9111fd53034a602c192a04e082ed,@107,0.0,227.53,Greed,74.0
2024-10-27,2024-10-27 03:33:20,0xae5eacaf9c6b9111fd53034a602c192a04e082ed,@107,0.0,14835.57,Greed,74.0
2024-10-27,2024-10-27 03:33:20,0xae5eacaf9c6b9111fd53034a602c192a04e082ed,@107,0.0,792.71,Greed,74.0
2024-10-27,2024-10-27 03:33:20,0xae5eacaf9c6b9111fd53034a602c192a04e082ed,@107,0.0,776.86,Greed,74.0
2024-10-27,2024-10-27 03:33:20,0xae5eacaf9c6b9111fd53034a602c192a04e082ed,@107,0.0,166.55,Greed,74.0
2024-10-27,2024-10-27 03:33:20,0xae5eacaf9c6b9111fd53034a602c192a04e082ed,@107,0.0,160.69,Greed,74.0
2024-10-27,2024-10-27 03:33:20,0xae5eacaf9c6b9111fd53034a602c192a04e082ed,@107,0.0,1204.5,Greed,74.0
2024-10-27,2024-10-27 03:33:20,0xae5eacaf9c6b9111fd53034a602c192a04e082ed,@107,0.0,198.23,Greed,74.0
2024-10-27,2024-10-27 03:33:20,0xae5eacaf9c6b9111fd53034a602c192a04e082ed,@107,0.0,71.37,Greed,74.0
2024-10-27,2024-10-27 03:33:20,0xae5eacaf9c6b9111fd53034a602c192a04e082ed,@107,0.0,1142.6,Greed,74.0
2024-10-27,2024-10-27 03:33:20,0xae5eacaf9c6b9111fd53034a602c192a04e082ed,@107,0.0,127.29,Greed,74.0
2024-10-27,2024-10-27 03:33:20,0xae5eacaf9c6b9111fd53034a602c192a04e082ed,@107,0.0,1586.3,Greed,74.0
2024-10-27,2024-10-27 03:33:20,0xae5eacaf9c6b9111fd53034a602c192a04e082ed,@107,0.0,2335.03,Greed,74.0
2024-10-27,2024-10-27 03:33:20,0xae5eacaf9c6b9111fd53034a602c192a04e082ed,@107,0.0,2057.19,Greed,74.0
2024-10-27,2024-10-27 03:33:20,0xae5eacaf9c6b9111fd53034a602c192a04e082ed,@107,0.0,2469.92,Greed,74.0
2024-10-27,2024-10-27 03:33:20,0xae5eacaf9c6b9111fd53034a602c192a04e082ed,@107,0.0,752.34,Greed,74.0
2024-10-27,2024-10-27 03:33:20,0xae5eacaf9c6b9111fd53034a602c192a04e082ed,@107,0.0,1143.74,Greed,74.0
2024-10-27,2024-10-27 03:33:20,0xae5eacaf9c6b9111fd53034a602c192a04e082ed,@107,0.0,880.54,Greed,74.0
2024-10-27,2024-10-27 03:33:20,0xae5eacaf9c6b9111fd53034a602c192a04e082ed,@107,0.0,14.96,Greed,74.0
2024-10-27,2024-10-27 03:33:20,0xae5eacaf9c6b9111fd53034a602c192a04e082ed,@107,0.0,1078.25,Greed,74.0
2024-10-27,2024-10-27 03:33:20,0xae5eacaf9c6b9111fd53034a602c192a04e082ed,@107,0.0,2548.78,Greed,74.0
2024-10-27,2024-10-27 03:33:20,0xae5eacaf9c6b9111fd53034a602c192a04e082ed,@107,0.0,11336.94,Greed,74.0
2024-10-27,2024-10-27 03:33:20,0xae5eacaf9c6b9111fd53034a602c192a04e082ed,@107,0.0,752.04,Greed,74.0
2024-10-27,2024-10-27 03:33:20,0xae5eacaf9c6b9111fd53034a602c192a04e082ed,@107,0.0,607.96,Greed,74.0
2024-10-27,2024-10-27 03:33:20,0xae5eacaf9c6b9111fd53034a602c192a04e082ed,@107,0.0,1083.66,Greed,74.0
2024-10-27,2024-10-27 03:33:20,0xae5eacaf9c6b9111fd53034a602c192a04e082ed,@107,0.0,1084.74,Greed,74.0
2024-10-27,2024-10-27 03:33:20,0xae5eacaf9c6b9111fd53034a602c192a04e082ed,@107,0.0,738.47,Greed,74.0
2024-10-27,2024-10-27 03:33:20,0xae5eacaf9c6b9111fd53034a602c192a04e082ed,@107,0.0,324.71,Greed,74.0
2024-10-27,2024-10-27 03:33:20,0xae5eacaf9c6b9111fd53034a602c192a04e082ed,@107,0.0,1085.82,Greed,74.0
2024-10-27,2024-10-27 03:33:20,0xae5eacaf9c6b9111fd53034a602c192a04e082ed,@107,0.0,1002.8,Greed,74.0
2024-10-27,2024-10-27 03:33:20,0xae5eacaf9c6b9111fd53034a602c192a04e082ed,@107,0.0,864.63,Greed,74.0
2024-10-27,2024-10-27 03:33:20,0xae5eacaf9c6b9111fd53034a602c192a04e082ed,@107,3008.231185,22156.95,Greed,74.0
2024-10-27,2024-10-27 03:33:20,0xae5eacaf9c6b9111fd53034a602c192a04e082ed,@107,30.741534,226.43,Greed,74.0
2024-10-27,2024-10-27 03:33:20,0xae5eacaf9c6b9111fd53034a602c192a04e082ed,@107,40.770089,302.2,Greed,74.0
2024-10-27,2024-10-27 03:33:20,0xae5eacaf9c6b9111fd53034a602c192a04e082ed,@107,243.812267,1809.28,Greed,74.0
2024-10-27,2024-10-27 03:33:20,0xae5eacaf9c6b9111fd53034a602c192a04e082ed,@107,254.263735,1892.21,Greed,74.0
2024-10-27,2024-10-27 03:33:20,0xae5eacaf9c6b9111fd53034a602c192a04e082ed,@107,24.301227,180.85,Greed,74.0
2024-10-27,2024-10-27 03:33:20,0xae5eacaf9c6b9111fd53034a602c192a04e082ed,@107,134.551236,1001.82,Greed,74.0
2024-10-27,2024-10-27 03:33:20,0xae5eacaf9c6b9111fd53034a602c192a04e082ed,@107,41.230486,307.36,Greed,74.0
2024-10-27,2024-10-27 03:33:20,0xae5eacaf9c6b9111fd53034a602c192a04e082ed,@107,606.330666,4520.0,Greed,74.0
2024-10-27,2024-10-27 03:33:20,0xae5eacaf9c6b9111fd53034a602c192a04e082ed,@107,606.330666,4520.0,Greed,74.0
2024-10-27,2024-10-27 03:33:20,0xae5eacaf9c6b9111fd53034a602c192a04e082ed,@107,154.369969,1151.03,Greed,74.0
2024-10-27,2024-10-27 03:33:20,0xae5eacaf9c6b9111fd53034a602c192a04e082ed,@107,173.909751,1297.37,Greed,74.0
2024-10-27,2024-10-27 03:33:20,0xae5eacaf9c6b9111fd53034a602c192a04e082ed,@107,13.494046,100.93,Greed,74.0
2024-10-27,2024-10-27 03:33:20,0xae5eacaf9c6b9111fd53034a602c192a04e082ed,@107,153.720586,1150.38,Greed,74.0
2024-10-27,2024-10-27 03:33:20,0xae5eacaf9c6b9111fd53034a602c192a04e082ed,@107,88.119595,660.06,Greed,74.0
2024-10-27,2024-10-27 03:33:20,0xae5eacaf9c6b9111fd53034a602c192a04e082ed,@107,34.075565,255.35,Greed,74.0
2024-10-27,2024-10-27 03:33:20,0xae5eacaf9c6b9111fd53034a602c192a04e082ed,@107,255.761609,1919.93,Greed,74.0
2024-10-27,2024-10-27 03:33:20,0xae5eacaf9c6b9111fd53034a602c192a04e082ed,@107,46.6749,350.38,Greed,74.0
2024-10-27,2024-10-27 03:33:20,0xae5eacaf9c6b9111fd53034a602c192a04e082ed,@107,173.291472,1301.13,Greed,74.0
2024-10-27,2024-10-27 03:33:20,0xae5eacaf9c6b9111fd53034a602c192a04e082ed,@107,17.979787,135.0,Greed,74.0
2024-10-27,2024-10-27 03:33:20,0xae5eacaf9c6b9111fd53034a602c192a04e082ed,AAVE,0.0,1755.67,Greed,74.0
2024-10-27,2024-10-27 03:33:20,0xae5eacaf9c6b9111fd53034a602c192a04e082ed,AAVE,0.0,2120.06,Greed,74.0
2024-10-27,2024-10-27 03:33:20,0xae5eacaf9c6b9111fd53034a602c192a04e082ed,AAVE,0.0,1814.51,Greed,74.0
2024-10-27,2024-10-27 03:33:20,0xae5eacaf9c6b9111fd53034a602c192a04e082ed,AAVE,0.0,860.43,Greed,74.0
2024-10-27,2024-10-27 03:33:20,0xae5eacaf9c6b9111fd53034a602c192a04e082ed,AAVE,0.0,3632.14,Greed,74.0
2024-10-27,2024-10-27 03:33:20,0xae5eacaf9c6b9111fd53034a602c192a04e082ed,AAVE,0.0,36840.17,Greed,74.0
2024-10-27,2024-10-27 03:33:20,0xae5eacaf9c6b9111fd53034a602c192a04e082ed,AAVE,0.0,1856.12,Greed,74.0
2024-10-27,2024-10-27 03:33:20,0xae5eacaf9c6b9111fd53034a602c192a04e082ed,AAVE,0.0,2133.99,Greed,74.0
2024-10-27,2024-10-27 03:33:20,0xae5eacaf9c6b9111fd53034a602c192a04e082ed,AAVE,0.0,1802.24,Greed,74.0
2024-10-27,2024-10-27 03:33:20,0xae5eacaf9c6b9111fd53034a602c192a04e082ed,AAVE,0.0,3100.88,Greed,74.0
2024-10-27,2024-10-27 03:33:20,0xae5eacaf9c6b9111fd53034a602c192a04e082ed,AAVE,0.0,3101.27,Greed,74.0
2024-10-27,2024-10-27 03:33:20,0xae5eacaf9c6b9111fd53034a602c192a04e082ed,AAVE,0.0,751.18,Greed,74.0
2024-10-27,2024-10-27 03:33:20,0xae5eacaf9c6b9111fd53034a602c192a04e082ed,AAVE,0.0,2314.97,Greed,74.0
2024-10-27,2024-10-27 03:33:20,0xae5eacaf9c6b9111fd53034a602c192a04e082ed,AAVE,0.0,3099.31,Greed,74.0
2024-10-27,2024-10-27 03:33:20,0xae5eacaf9c6b9111fd53034a602c192a04e082ed,AAVE,0.0,569.98,Greed,74.0
2024-10-27,2024-10-27 03:33:20,0xae5eacaf9c6b9111fd53034a602c192a04e082ed,AAVE,0.0,10481.53,Greed,74.0
2024-10-27,2024-10-27 03:33:20,0xae5eacaf9c6b9111fd53034a602c192a04e082ed,AAVE,0.0,3099.84,Greed,74.0
2024-10-27,2024-10-27 03:33:20,0xae5eacaf9c6b9111fd53034a602c192a04e082ed,AAVE,0.0,3100.1,Greed,74.0
2024-10-27,2024-10-27 03:33:20,0xae5eacaf9c6b9111fd53034a602c192a04e082ed,AAVE,0.0,3913.15,Greed,74.0
2024-10-27,2024-10-27 03:33:20,0xae5eacaf9c6b9111fd53034a602c192a04e082ed,AAVE,0.0,4078.06,Greed,74.0
2024-10-27,2024-10-27 03:33:20,0xae5eacaf9c6b9111fd53034a602c192a04e082ed,AAVE,0.0,27264.71,Greed,74.0
2024-10-27,2024-10-27 03:33:20,0xae5eacaf9c6b9111fd53034a602c192a04e082ed,@107,124.826134,907.56,Greed,74.0
2024-10-27,2024-10-27 03:33:20,0xae5eacaf9c6b9111fd53034a602c192a04e082ed,@107,266.532371,1937.98,Greed,74.0
2024-10-27,2024-10-27 03:33:20,0xae5eacaf9c6b9111fd53034a602c192a04e082ed,@107,124.816134,907.55,Greed,74.0
2024-10-27,2024-10-27 03:33:20,0xae5eacaf9c6b9111fd53034a602c192a04e082ed,@107,33.013868,240.05,Greed,74.0
2024-10-27,2024-10-27 03:33:20,0xae5eacaf9c6b9111fd53034a602c192a04e082ed,@107,179.80434,1307.65,Greed,74.0
2024-10-27,2024-10-27 03:33:20,0xae5eacaf9c6b9111fd53034a602c192a04e082ed,@107,37.43584,272.26,Greed,74.0
2024-10-27,2024-10-27 03:33:20,0xae5eacaf9c6b9111fd53034a602c192a04e082ed,@107,13.442265,98.29,Greed,74.0
2024-10-27,2024-10-27 03:33:20,0xae5eacaf9c6b9111fd53034a602c192a04e082ed,@107,3.716884,27.2,Greed,74.0
2024-10-27,2024-10-27 03:33:20,0xae5eacaf9c6b9111fd53034a602c192a04e082ed,@107,178.493121,1306.33,Greed,74.0
2024-10-27,2024-10-27 03:33:20,0xae5eacaf9c6b9111fd53034a602c192a04e082ed,@107,47.804608,349.94,Greed,74.0
2024-10-27,2024-10-27 03:33:20,0xae5eacaf9c6b9111fd53034a602c192a04e082ed,@107,101.447367,743.45,Greed,74.0
2024-10-27,2024-10-27 03:33:20,0xae5eacaf9c6b9111fd53034a602c192a04e082ed,@107,120.841353,885.57,Greed,74.0
2024-10-27,2024-10-27 03:33:20,0xae5eacaf9c6b9111fd53034a602c192a04e082ed,@107,120.928211,888.01,Greed,74.0
2024-10-27,2024-10-27 03:33:20,0xae5eacaf9c6b9111fd53034a602c192a04e082ed,@107,101.193105,743.19,Greed,74.0
2024-10-27,2024-10-27 03:33:20,0xae5eacaf9c6b9111fd53034a602c192a04e082ed,@107,100.930641,742.93,Greed,74.0
2024-10-27,2024-10-27 03:33:20,0xae5eacaf9c6b9111fd53034a602c192a04e082ed,@107,177.196311,1305.04,Greed,74.0
2024-10-27,2024-10-27 03:33:20,0xae5eacaf9c6b9111fd53034a602c192a04e082ed,@107,100.668177,742.67,Greed,74.0
2024-10-27,2024-10-27 03:33:20,0xae5eacaf9c6b9111fd53034a602c192a04e082ed,@107,36.81784,271.64,Greed,74.0
2024-10-27,2024-10-27 03:33:20,0xae5eacaf9c6b9111fd53034a602c192a04e082ed,@107,100.413915,742.41,Greed,74.0
2024-10-27,2024-10-27 03:33:20,0xae5eacaf9c6b9111fd53034a602c192a04e082ed,@107,122.416134,905.15,Greed,74.0
2024-10-27,2024-10-27 03:33:20,0xae5eacaf9c6b9111fd53034a602c192a04e082ed,@107,61.208067,452.58,Greed,74.0
2024-10-27,2024-10-27 03:33:20,0xae5eacaf9c6b9111fd53034a602c192a04e082ed,@107,4.780606,35.39,Greed,74.0
2024-10-27,2024-10-27 03:33:20,0xae5eacaf9c6b9111fd53034a602c192a04e082ed,@107,12.226614,90.5,Greed,74.0
2024-10-27,2024-10-27 03:33:20,0xae5eacaf9c6b9111fd53034a602c192a04e082ed,@107,702.455615,5199.5,Greed,74.0
2024-10-27,2024-10-27 03:33:20,0xae5eacaf9c6b9111fd53034a602c192a04e082ed,@107,110.026636,815.27,Greed,74.0
2024-10-27,2024-10-27 03:33:20,0xae5eacaf9c6b9111fd53034a602c192a04e082ed,@107,100.151451,742.15,Greed,74.0
2024-10-27,2024-10-27 03:33:20,0xae5eacaf9c6b9111fd53034a602c192a04e082ed,@107,175.885092,1303.73,Greed,74.0
2024-10-27,2024-10-27 03:33:20,0xae5eacaf9c6b9111fd53034a602c192a04e082ed,@107,243.812267,1809.28,Greed,74.0
2024-10-27,2024-10-27 03:33:20,0xae5eacaf9c6b9111fd53034a602c192a04e082ed,@107,99.897189,741.9,Greed,74.0
2024-10-27,2024-10-27 03:33:20,0xae5eacaf9c6b9111fd53034a602c192a04e082ed,@107,8.631801,64.13,Greed,74.0
2024-10-27,2024-10-27 03:33:20,0xae5eacaf9c6b9111fd53034a602c192a04e082ed,@107,60.788067,452.16,Greed,74.0
2024-10-27,2024-10-27 03:33:20,0xae5eacaf9c6b9111fd53034a602c192a04e082ed,@107,99.634725,741.63,Greed,74.0
2024-10-27,2024-10-27 03:33:20,0xae5eacaf9c6b9111fd53034a602c192a04e082ed,@107,325.738252,2424.64,Greed,74.0
2024-10-27,2024-10-27 03:33:20,0xae5eacaf9c6b9111fd53034a602c192a04e082ed,@107,36.51907,272.04,Greed,74.0
2024-10-27,2024-10-27 03:33:20,0xae5eacaf9c6b9111fd53034a602c192a04e082ed,@107,1822.714868,13587.75,Greed,74.0
2024-10-27,2024-10-27 03:33:20,0xae5eacaf9c6b9111fd53034a602c192a04e082ed,@107,67.933288,506.42,Greed,74.0
2024-10-27,2024-10-27 03:33:20,0xae5eacaf9c6b9111fd53034a602c192a04e082ed,@107,81.24831,605.68,Greed,74.0
2024-10-27,2024-10-27 03:33:20,0xae5eacaf9c6b9111fd53034a602c192a04e082ed,@107,11.971214,89.31,Greed,74.0
2024-10-27,2024-10-27 03:33:20,0xae5eacaf9c6b9111fd53034a602c192a04e082ed,AAVE,0.0,2761.51,Greed,74.0
2024-10-27,2024-10-27 03:33:20,0xae5eacaf9c6b9111fd53034a602c192a04e082ed,AAVE,0.0,843.7,Greed,74.0
2024-10-27,2024-10-27 03:33:20,0xae5eacaf9c6b9111fd53034a602c192a04e082ed,AAVE,0.0,2761.75,Greed,74.0
2024-10-27,2024-10-27 03:33:20,0xae5eacaf9c6b9111fd53034a602c192a04e082ed,AAVE,0.0,2761.99,Greed,74.0
2024-10-27,2024-10-27 03:33:20,0xae5eacaf9c6b9111fd53034a602c192a04e082ed,AAVE,0.0,2762.23,Greed,74.0
2024-10-27,2024-10-27 03:33:20,0xae5eacaf9c6b9111fd53034a602c192a04e082ed,AAVE,0.0,3691.59,Greed,74.0
2024-10-27,2024-10-27 03:33:20,0xae5eacaf9c6b9111fd53034a602c192a04e082ed,AAVE,0.0,3580.91,Greed,74.0
2024-10-27,2024-10-27 03:33:20,0xae5eacaf9c6b9111fd53034a602c192a04e082ed,AAVE,0.0,3521.41,Greed,74.0
2024-10-27,2024-10-27 03:33:20,0xae5eacaf9c6b9111fd53034a602c192a04e082ed,AAVE,0.0,3276.97,Greed,74.0
2024-10-27,2024-10-27 03:33:20,0xae5eacaf9c6b9111fd53034a602c192a04e082ed,AAVE,0.0,1042.4,Greed,74.0
2024-10-27,2024-10-27 03:33:20,0xae5eacaf9c6b9111fd53034a602c192a04e082ed,AAVE,0.0,3551.7,Greed,74.0
2024-10-27,2024-10-27 03:33:20,0xae5eacaf9c6b9111fd53034a602c192a04e082ed,AAVE,0.0,12284.77,Greed,74.0
2024-10-27,2024-10-27 03:33:20,0xae5eacaf9c6b9111fd53034a602c192a04e082ed,AAVE,0.0,2267.98,Greed,74.0
2024-10-27,2024-10-27 03:33:20,0xae5eacaf9c6b9111fd53034a602c192a04e082ed,AAVE,0.0,983.12,Greed,74.0
2024-10-27,2024-10-27 03:33:20,0xae5eacaf9c6b9111fd53034a602c192a04e082ed,AAVE,0.0,34174.56,Greed,74.0
2024-10-27,2024-10-27 03:33:20,0xae5eacaf9c6b9111fd53034a602c192a04e082ed,AAVE,0.0,19561.15,Greed,74.0
2024-10-27,2024-10-27 03:33:20,0xae5eacaf9c6b9111fd53034a602c192a04e082ed,AAVE,0.0,7831.38,Greed,74.0
2024-10-27,2024-10-27 03:33:20,0xae5eacaf9c6b9111fd53034a602c192a04e082ed,AAVE,0.0,2269.16,Greed,74.0
2024-10-27,2024-10-27 03:33:20,0xae5eacaf9c6b9111fd53034a602c192a04e082ed,AAVE,0.0,5438.59,Greed,74.0
2024-10-27,2024-10-27 03:33:20,0xae5eacaf9c6b9111fd53034a602c192a04e082ed,AAVE,139.418262,3584.0,Greed,74.0
2024-10-27,2024-10-27 03:33:20,0xae5eacaf9c6b9111fd53034a602c192a04e082ed,AAVE,81.421585,2097.37,Greed,74.0
2024-10-27,2024-10-27 03:33:20,0xae5eacaf9c6b9111fd53034a602c192a04e082ed,AAVE,128.537643,3314.43,Greed,74.0
2024-10-27,2024-10-27 03:33:20,0xae5eacaf9c6b9111fd53034a602c192a04e082ed,AAVE,0.563574,14.55,Greed,74.0
2024-10-27,2024-10-27 03:33:20,0xae5eacaf9c6b9111fd53034a602c192a04e082ed,AAVE,34.234672,891.88,Greed,74.0
2024-10-27,2024-10-27 03:33:20,0xae5eacaf9c6b9111fd53034a602c192a04e082ed,AAVE,939.42948,24524.81,Greed,74.0
2024-10-27,2024-10-27 03:33:20,0xae5eacaf9c6b9111fd53034a602c192a04e082ed,AAVE,28.931448,756.07,Greed,74.0
2024-10-27,2024-10-27 03:33:20,0xae5eacaf9c6b9111fd53034a602c192a04e082ed,AAVE,34.643246,906.28,Greed,74.0
2024-10-27,2024-10-27 03:33:20,0xae5eacaf9c6b9111fd53034a602c192a04e082ed,AAVE,0.647703,16.96,Greed,74.0
2024-10-27,2024-10-27 03:33:20,0xae5eacaf9c6b9111fd53034a602c192a04e082ed,AAVE,269.166861,7048.8,Greed,74.0
2024-10-27,2024-10-27 03:33:20,0xae5eacaf9c6b9111fd53034a602c192a04e082ed,AAVE,278.396148,7298.08,Greed,74.0
2024-10-27,2024-10-27 03:33:20,0xae5eacaf9c6b9111fd53034a602c192a04e082ed,AAVE,41.685479,1092.77,Greed,74.0
2024-10-27,2024-10-27 03:33:20,0xae5eacaf9c6b9111fd53034a602c192a04e082ed,AAVE,40.532431,1063.65,Greed,74.0
2024-10-27,2024-10-27 03:33:20,0xae5eacaf9c6b9111fd53034a602c192a04e082ed,AAVE,1545.740362,40648.06,Greed,74.0
2024-10-27,2024-10-27 03:33:20,0xae5eacaf9c6b9111fd53034a602c192a04e082ed,AAVE,28.375161,748.52,Greed,74.0
2024-10-27,2024-10-27 03:33:20,0xae5eacaf9c6b9111fd53034a602c192a04e082ed,AAVE,1026.702945,27140.75,Greed,74.0
2024-10-27,2024-10-27 03:33:20,0xae5eacaf9c6b9111fd53034a602c192a04e082ed,AAVE,272.93661,7474.4,Greed,74.0
2024-10-27,2024-10-27 03:33:20,0xae5eacaf9c6b9111fd53034a602c192a04e082ed,AAVE,169.265096,4886.34,Greed,74.0
2024-10-27,2024-10-27 03:33:20,0xae5eacaf9c6b9111fd53034a602c192a04e082ed,AAVE,28.282431,818.35,Greed,74.0
2024-10-27,2024-10-27 03:33:20,0xae5eacaf9c6b9111fd53034a602c192a04e082ed,AAVE,123.076933,3565.33,Greed,74.0
2024-10-27,2024-10-27 03:33:20,0xae5eacaf9c6b9111fd53034a602c192a04e082ed,AAVE,123.262149,3574.84,Greed,74.0
2024-10-27,2024-10-27 03:33:20,0xae5eacaf9c6b9111fd53034a602c192a04e082ed,AAVE,281.038797,8188.67,Greed,74.0
2024-10-27,2024-10-27 03:33:20,0xae5eacaf9c6b9111fd53034a602c192a04e082ed,AAVE,241.607196,7056.2,Greed,74.0
2024-10-27,2024-10-27 03:33:20,0xae5eacaf9c6b9111fd53034a602c192a04e082ed,AAVE,25.686648,752.82,Greed,74.0
2024-10-27,2024-10-27 03:33:20,0xae5eacaf9c6b9111fd53034a602c192a04e082ed,AAVE,143.982979,4224.81,Greed,74.0
2024-10-27,2024-10-27 03:33:20,0xae5eacaf9c6b9111fd53034a602c192a04e082ed,AAVE,35.639115,1049.44,Greed,74.0
2024-10-27,2024-10-27 03:33:20,0xae5eacaf9c6b9111fd53034a602c192a04e082ed,AAVE,143.457679,4224.29,Greed,74.0
2024-10-27,2024-10-27 03:33:20,0xae5eacaf9c6b9111fd53034a602c192a04e082ed,AAVE,569.65113,16813.73,Greed,74.0
2024-10-27,2024-10-27 03:33:20,0xae5eacaf9c6b9111fd53034a602c192a04e082ed,AAVE,246.854931,7329.46,Greed,74.0
2024-10-27,2024-10-27 03:33:20,0xae5eacaf9c6b9111fd53034a602c192a04e082ed,AAVE,264.887769,7864.88,Greed,74.0
2024-10-27,2024-10-27 03:33:20,0xae5eacaf9c6b9111fd53034a602c192a04e082ed,AAVE,142.138008,4225.3,Greed,74.0
2024-10-27,2024-10-27 03:33:20,0xae5eacaf9c6b9111fd53034a602c192a04e082ed,AAVE,23.388481,696.92,Greed,74.0
2024-10-27,2024-10-27 03:33:20,0xae5eacaf9c6b9111fd53034a602c192a04e082ed,AAVE,0.646632,19.29,Greed,74.0
2024-10-27,2024-10-27 03:33:20,0xae5eacaf9c6b9111fd53034a602c192a04e082ed,AAVE,5.65803,168.8,Greed,74.0
2024-10-27,2024-10-27 03:33:20,0xae5eacaf9c6b9111fd53034a602c192a04e082ed,AAVE,0.646632,19.29,Greed,74.0
2024-10-27,2024-10-27 03:33:20,0xae5eacaf9c6b9111fd53034a602c192a04e082ed,AAVE,1.374093,40.99,Greed,74.0
2024-10-27,2024-10-27 03:33:20,0xae5eacaf9c6b9111fd53034a602c192a04e082ed,AAVE,0.646632,19.29,Greed,74.0
2024-10-27,2024-10-27 03:33:20,0xae5eacaf9c6b9111fd53034a602c192a04e082ed,AAVE,140.816737,4226.31,Greed,74.0
2024-10-27,2024-10-27 03:33:20,0xae5eacaf9c6b9111fd53034a602c192a04e082ed,AAVE,140.290837,4225.78,Greed,74.0
2024-10-27,2024-10-27 03:33:20,0xae5eacaf9c6b9111fd53034a602c192a04e082ed,AAVE,27.895221,841.26,Greed,74.0
2024-10-27,2024-10-27 03:33:20,0xae5eacaf9c6b9111fd53034a602c192a04e082ed,AAVE,78.471907,2369.42,Greed,74.0
2024-10-27,2024-10-27 03:33:20,0xae5eacaf9c6b9111fd53034a602c192a04e082ed,AAVE,32.72989,988.26,Greed,74.0
2024-10-27,2024-10-27 03:33:20,0xae5eacaf9c6b9111fd53034a602c192a04e082ed,AAVE,263.276042,7949.5,Greed,74.0
2024-10-27,2024-10-27 03:33:20,0xae5eacaf9c6b9111fd53034a602c192a04e082ed,AAVE,252.583188,7645.15,Greed,74.0
2024-10-27,2024-10-27 03:33:20,0xae5eacaf9c6b9111fd53034a602c192a04e082ed,AAVE,38.456694,1171.11,Greed,74.0
2024-10-27,2024-10-27 03:33:20,0xae5eacaf9c6b9111fd53034a602c192a04e082ed,AAVE,263.228215,8035.68,Greed,74.0
2024-10-27,2024-10-27 03:33:20,0xae5eacaf9c6b9111fd53034a602c192a04e082ed,AAVE,4.887398,149.38,Greed,74.0
2024-10-27,2024-10-27 03:33:20,0xae5eacaf9c6b9111fd53034a602c192a04e082ed,@107,0.0,0.1,Greed,74.0
2025-02-19,2025-02-19 21:20:00,0xae5eacaf9c6b9111fd53034a602c192a04e082ed,DYDX,0.0,1728.58,Fear,44.0
2025-02-19,2025-02-19 21:20:00,0xae5eacaf9c6b9111fd53034a602c192a04e082ed,DYDX,0.0,116.4,Fear,44.0
2025-02-19,2025-02-19 21:20:00,0xae5eacaf9c6b9111fd53034a602c192a04e082ed,DYDX,0.0,1718.67,Fear,44.0
2025-02-19,2025-02-19 21:20:00,0xae5eacaf9c6b9111fd53034a602c192a04e082ed,DYDX,0.0,2249.95,Fear,44.0
2025-02-19,2025-02-19 21:20:00,0xae5eacaf9c6b9111fd53034a602c192a04e082ed,DYDX,0.0,2250.0,Fear,44.0
2025-02-19,2025-02-19 21:20:00,0xae5eacaf9c6b9111fd53034a602c192a04e082ed,DYDX,0.0,797.08,Fear,44.0
2025-02-19,2025-02-19 21:20:00,0xae5eacaf9c6b9111fd53034a602c192a04e082ed,DYDX,0.0,1911.13,Fear,44.0
2025-02-19,2025-02-19 21:20:00,0xae5eacaf9c6b9111fd53034a602c192a04e082ed,DYDX,0.0,3197.71,Fear,44.0
2025-02-19,2025-02-19 21:20:00,0xae5eacaf9c6b9111fd53034a602c192a04e082ed,DYDX,0.0,3121.09,Fear,44.0
2025-02-19,2025-02-19 21:20:00,0xae5eacaf9c6b9111fd53034a602c192a04e082ed,DYDX,0.0,1003.94,Fear,44.0
